{"cameraMode":{"drawMode":0,"name":"Shaded","section":"Shading Mode"},"sceneLighting":false,"audioPlay":false,"sceneViewState":{"showFog":true,"showMaterialUpdate":false,"showSkybox":false,"showFlares":true,"showImageEffects":true,"showParticleSystems":true,"showVisualEffectGraphs":true,"m_FxEnabled":true},"in2DMode":false,"pivot":{"x":-0.05502456799149513,"y":0.07472500205039978,"z":-0.18287107348442079},"rotation":{"x":0.3024166226387024,"y":-0.07054618000984192,"z":0.02245015650987625,"w":0.950296938419342},"size":0.9740940928459168,"orthographic":false}